role	commit
RB-02.1 implementation	5ed08441dfd536738eed6bd8442b3cf76041f716
RB-02.1 verification	330f19f6a22591d06d45d6f41e4e9d08462549ec
RB-02.2 implementation	2fb03f830bd2dd2c50445420c4c9aa0c3aaf965e
RB-02.2 verification	d1a3cd275cad0969a91d601b6f8eadfb3c948315
RB-02.3 implementation	698716908f65d90d84aed607dacb8b8b3815ed51
RB-02.3 verification	54a64bc7df027960ccd2c76724afab5c968f77a2
RB-02.4 implementation	a7ee3345ccb351e5b38fd2526a151765dd562160
RB-02.4 verification	74de74a29f189002ecbf49d80987e024b315eefb
BatchLease repair provenance	49e69fb8a3051de6c1cf7adff8e16c928cf84412
